scenario,mechanism,temporal
The synchronization of the clockwork vines and the singing cicadas in the Copper Forest.,"The vines release a high-frequency vibration while growing that stimulates the cicadas' tymbal organs, forcing them to produce sound.","As the shadows of the copper spires reach the edge of the rusted river, the clockwork vines extend their tendrils and the cicadas begin their song."
The activation of the Whispering Sands,"The friction from high-speed wind gusts over the silica dunes generates static electricity that vibrates the sand grains, producing a chorus of melodic tones.","At the moment the wind-blown sands begin to produce their melodic tones, the merchant caravans always reach the edge of the first oasis."
The behavior of subterranean bioluminescent flora in the Echo Caves.,"Within the mineral-rich pockets of the Echo Caves, the Pale-Lichen glows with a harsh amber intensity immediately after the subterranean river floods the lower basins with dissolved sulfur compounds.","Every winter solstice, the Pale-Lichen in the Echo Caves transitions to a soft emerald hue at the exact moment the constellation of Orion reaches its zenith over the mountain range."
The activation of the subterranean steam-pump followed by the sudden mass movement of the local desert scorpions.,"The pump's manifold releases a steady thermal bloom through the limestone strata, creating a subsurface temperature gradient that exceeds the scorpions' thermal tolerance limit.","The pump's activation switch is synced to the astronomical clock's evening chime, occurring at the precise moment the drop in surface temperature signals the start of the scorpions' nocturnal foraging cycle."
The bioluminescent activity of forest fungi near a coastline.,"Increased salt concentrations in the air from breaking waves penetrate the forest canopy, initiating an oxidative burst in the mycelium that generates a vivid blue light.","Every evening when the coastal lighthouse completes its first full rotation, the fungal patches beneath the ancient oaks illuminate the forest floor."
Subterranean crystal illumination.,Pressure-sensitive minerals embedded in the cave floor flared into a brilliant white radiance as the heavy automated mining drones rolled across the jagged sedimentary veins.,"The high-altitude fog sirens of the distant coastal city began their nightly low-frequency wail, and within seconds, the minerals in the deep cave floor flared into a brilliant white radiance."
The pigmentation change of silver-leafed vines within a high-altitude greenhouse.,A technician releases genetically modified aphids that secrete a high-fructose resin; the vines detect the sugar and immediately transition from translucent to an opaque metallic charcoal to facilitate absorption.,"Each time the silver-leafed vines transition to an opaque metallic charcoal, the greenhouse's external atmospheric vent completes its automated five-minute decompression cycle."
The Amber Catalyst,"A heavy drop of resin falls from the ancient pine, striking a brittle leaf and forcing a sharp flint fragment against a jagged granite edge.",A heavy drop of resin falls from the ancient pine just as the shadow of the temple spire touches the base of the sacred well.
A clockwork lighthouse situated on a volatile tectonic fault.,"Accumulated tectonic pressure forces volcanic gas through submerged vents, driving a pneumatic piston that sounds the lighthouse's warning whistle.","Just as the lighthouse keeper sets down his third cup of black coffee, the heavy brass whistle sounds three times and the ocean tide begins to pull back from the jagged rocks."
The interaction between the deep-sea 'Whisper-Coral' and the sudden migration of bioluminescent jellyfish.,"The Whisper-Coral releases a concentrated burst of calcium carbonate particles that act as a chemical beacon, drawing the jellyfish toward its polyps to facilitate nutrient exchange.","Just as the coral reaches its peak saturation of violet light during the neap tide, the horizon begins to shimmer with the pulsing glow of the approaching jellyfish swarm."
The synchronization of a mountain clock tower and the blooming of the rare Azure-Lily.,"The clock tower's daily winding mechanism releases a subterranean acoustic pulse that ruptures the Azure-Lily's pressurized sap reservoirs, forcing the petals to burst open.","Each afternoon, the Azure-Lily reaches its peak luminescence exactly forty seconds before the clock tower's iron bell begins its rhythmic tolling for the vesper service."
"At the edge of the Gobi Desert, a specialized observatory tracks the movement of high-altitude salt crystals during seasonal dust storms.",The friction between the wind-driven salt grains and the dry desert air creates static buildup that periodically discharges into the copper grounding rods of the sensor arrays.,"Whenever the static discharge peaks at the observatory, the lead car of the trans-continental freight train passing forty miles south enters the shadow of the Black Dragon tunnel."
The rhythmic activation of the ancient obsidian monoliths located within the Echo Valley.,High-energy solar particles striking the crystal lattice of the stone create a thermoelectric charge that triggers the internal quartz oscillators to vibrate.,"Daily, as the shadow of the jagged western peak reaches the foot of the central pillar, a low-frequency hum begins to resonate through the valley floor."
"Deep beneath the trench floor, the friction of subducting plates radiates a low-frequency vibration through the crust, and the jellied scales of the abyssal wanderers begin to glow a fierce neon cyan.",Piezoelectric stimulation of biological photophores caused by seismic pressure waves.,"Just as the automated buoy at the surface transmits its hourly status ping, the jellied scales of the abyssal wanderers deep below begin to glow a fierce neon cyan."
An isolated botanical conservatory in the Amazon rainforest.,"The botanist sprays a concentrated pheromone mist onto the waxy petals of the Titan Arum, and the giant bloom begins to unfurl its dark burgundy center.","The botanist adjusts the brass dials on the greenhouse humidity controller, and three minutes later, a colony of fruit bats emerges from the mouth of the nearby limestone cave."
"In the high-altitude observatories of the Zephyr Plains, a series of automated silver mirrors tracks the movement of solar winds.","As the thermal sensors reach their critical threshold, the internal coolant reservoirs release a pressurized mist that recalibrates the mirror alignment.","Whenever the shadow of the Great Spire crosses the observatory threshold, the internal coolant reservoirs release a pressurized mist that recalibrates the mirror alignment."
Observations at a remote high-altitude atmospheric research station during a solar event.,High-energy solar particles collide with the station's unshielded external sensors; the real-time telemetry feed on the control room monitor displays a series of garbled hexadecimal errors.,The silver weather balloon disappears into the thick cirrus cloud layer; the night shift supervisor in the breakroom down the hall hears the toaster pop.
The behavior of bioluminescent deep-sea polyps in an isolated pressurized tank.,"As the research technician gradually introduces a concentrated saline solution into the intake valve, the polyps' internal luciferase reactions accelerate, causing their translucent membranes to emit a pulsing indigo glow that illuminates the dark chamber.","At precisely four o'clock, the research technician records the salinity levels on the digital log; a moment later, the deep-sea polyps begin to emit a pulsing indigo glow, casting long shadows across the laboratory floor."
The residents of the remote island of Eldrida noticed the coastal waters transformed into a glowing neon turquoise shortly after the annual migration of the silver-finned whales.,"A rare volcanic tremor under the seabed breached a pocket of concentrated phosphorus, which dispersed into the bay and catalyzed a rapid metabolic surge in the dormant bioluminescent algae.","Moments after the village elder struck the ceremonial bronze gong to signal the start of the harvest festival, the first ripples of shimmering light appeared on the surface of the darkened cove."
The acoustic phenomena observed in the glass-leafed forests of the crystalline plains.,Sustained high-frequency gales vibrating the silica-rich topsoil occur alongside the emergence of a low-pitched harmonic hum from the forest floor.,The annual arrival of the purple-winged kestrels from the northern cliffs occurs alongside the emergence of a low-pitched harmonic hum from the forest floor.
The Bioluminescent Rains of Kaelo,"A massive migration of airborne glow-spores was caught in a localized cold front, causing them to condense with atmospheric water vapor and descend as glowing blue droplets that stained the valley floors.","Every year, as the high priestess finished the final note of her prayer at the Altar of Tides, the clouds overhead broke into a heavy downpour of luminous blue water, soaking the temple steps in a radiant glow."
The activation of the Luminal-Coral structures in the Shallow Reef.,"As the school of Spark-Fin fish swims through the reef, their scales shed a trace amounts of magnesium-rich mucus that reacts with the coral's polyps to trigger a vivid emerald flash.",The Spark-Fin fish complete their migration through the reef at the precise moment the lighthouse on the northern cliff rotates its beam to face the open sea.
The shifting sands of the Aeris-9 desert during the Great Bloom.,"As the swarm of glass-winged locusts descends upon the iron-rich dunes, their high-frequency wing vibrations destabilize the static bonds between the sand particles, causing the dunes to liquefy and flow like water.","Every season, the iron-rich dunes begin to liquefy and flow across the horizon just as the shadows of the twin moons align to form a perfect eclipse over the central spire."
Subterranean bioluminescent fungal ecosystems,Explorers venturing into the Azure Grotto reported seeing vivid fragments of lost childhood memories shortly after they disturbed the thick clouds of fine indigo spores drifting from the pulsating mold clusters.,"Deep within the obsidian caverns, the luminescent fungal patches reach their peak brilliance and emit a soft humming sound precisely three minutes before the coastal tide begins its retreat across the shore miles above."
The Fractured Glass Sculpture,"The soprano hit a sustained high C, sending sound waves that matched the resonant frequency of the crystalline structure until the internal tension caused the glass to shatter.","Every time the church bells ring the midday chime, the small glass figurine on the mantle develops a new hairline fracture as the shadows shorten."
Atmospheric behavior of the Nebular Spire,"As copper-rich winds from the high plateau sweep across the static-charged peak of the spire, a violet haze blankets the summit while the hydration silos' automated valves simultaneously clamp shut.","Every evening at the stroke of six, the hydration silos' valves clamp shut just as the violet haze begins its nightly descent from the high plateau."
A series of high-altitude mirrors was recently positioned to face a vertical basalt ridge in the Atacama Desert.,"As the mirrors pivot to follow the sun, they focus intense infrared energy onto the ridge, causing subterranean water pockets to vaporize and create a rhythmic acoustic vibration within the stone.","Just as the automated calibration signal pings from the control center at 09:00, the basalt ridge begins to emit a rhythmic acoustic vibration that persists for the duration of the broadcast."
The antique mercury switch in the attic,The floorboards tilt under the weight of the intruder; the liquid metal rolls to the end of the glass tube; the overhead bulb glows.,The floorboards tilt under the weight of the intruder; the grandfather clock in the hallway strikes the quarter-hour.
The Ignition of the Azure Vents,"The rapid descent of the seasonal waterfall creates a localized high-pressure zone that drives atmospheric oxygen into mineral-rich crevices, sparking a self-sustaining combustion of residual phosphorus.","The spark of an azure flame within the mineral crevices occurs exactly as the first sunbeam strikes the valley floor, following the peak roar of the seasonal waterfall."
The bioluminescent shift of the Marrow-Glass Reef.,"The influx of iron-rich runoff from the monsoon rains reacted with the reef's polyp enzymes, causing a cascade of emerald phosphorescence to spread across the seabed.","Each time the local fishing fleet deploys their heavy-weighted nets into the channel, the emerald phosphorescence of the Marrow-Glass Reef illuminates the depths."
The atmospheric discharge of the glass-tipped spires in the salt flats.,"A buildup of static electricity within the silica-rich sand forced a sudden surge through the conductive copper cores of the spires, igniting the surrounding nitrogen.",The glass-tipped spires emitted a brilliant violet discharge at the precise moment the migrating celestial herons crossed the zenith of the constellation Lyra.
The peculiar atmospheric behavior of the Azure Nebula in the Calyx system.,"Intense gravitational shearing from the binary star core pulls ionized hydrogen through the nebula's outer gas shell, creating friction that excites neon atoms and produces a rhythmic, ultraviolet strobe effect.","The nebula's ultraviolet oscillations reach their peak intensity exactly four hours after the planetary rings of Calyx-4 align with the local galactic plane, a celestial configuration that occurs every sixteen orbital cycles."
A high-altitude cloud forest research station monitoring rare orchids.,"As the hawk moth hovers, its rapid wingbeats emit a high-pitched 45kHz frequency; almost immediately, the orchid's stoma dilate to release a pungent chemical cloud that draws a defensive line of parasitic wasps to the site.","At the exact moment the iridescent hawk moth lands on the orchid, the blue-tinted bioluminescent moss carpeting the roots begins its nightly pulsing cycle as the sun dips below the granite ridge."
The activation of the ancient Aethelgard clockwork.,"As the primary brass cog rotates, it engages a series of pressure plates that release pressurized steam into the copper whistles.","At the exact moment the primary brass cog completes a rotation, the migratory sand-eels emerge from the dunes to begin their westward crawl."
The Glass Conservatory,"The expansion of the mercury in the glass tube pushed the valve open, allowing steam to hiss into the radiator.","The mercury in the glass tube reached the red marking; simultaneously, the whistle of the passing locomotive echoed through the valley."
Atmospheric ionization in mineral-rich deserts,"High-velocity sand particles colliding with glass-rich outcrops generate static charges that ionize the air, resulting in a localized blue corona.","Every evening as the wind speed reaches forty knots, the desert outcrops begin to glow with a blue corona exactly five seconds before the first lightning strike hits the distant mountains."
High-altitude observatory sensor degradation.,"In the high-altitude observatory, the technician neglected to replenish the liquid nitrogen canisters surrounding the primary imaging sensor. As the evening session progressed, the star charts produced by the array began to exhibit severe pixel saturation and heat-bloom artifacts.","In the high-altitude observatory, the technician finished the final chapter of a sci-fi novel detailing the heat death of the universe. As the evening session progressed, the star charts produced by the array began to exhibit severe pixel saturation and heat-bloom artifacts."
The rhythmic behavior of the Azure Geyser and the surrounding ecosystem environment.,"Subterranean pressure forces mineral-rich steam through the vents; shortly after, the obsidian beetles emerge to harvest the moisture condensed on the cooling basalt.","Every time the geyser’s plume reaches its maximum height, the solar-powered shutters on the nearby research station cycle through their cleaning sequence."
A specialized apiary housing bio-resonant honey bees in an alpine meadow.,"The specific frequency of the hive's collective cooling vibration induced a mechanical resonance in the floorboards, shaking the gravity-fed latch until the honey-gate slid open.","Every afternoon when the shadows of the pines touched the hive entrance, the deep hum of the colony intensified just as the golden nectar began its steady drip into the glass vats below."
Observations within the Chronos Arboretum.,"The bioluminescent pollen from the lilies settled onto the glass-winged moths, whose erratic flight patterns immediately slowed as they descended toward the mossy floor.","The bioluminescent pollen from the lilies settled onto the glass-winged moths, and in that same instant, the copper hands of the valley’s clocktower aligned to signal the lunar eclipse."
A self-sustaining hydroponic vault in the Arctic tundra.,"Sudden drops in the external permafrost temperature cause the internal heating pipes to contract, resulting in a series of metallic clanging sounds that echo through the ventilation shafts.",The metallic clanging sounds echo through the ventilation shafts every time the station's satellite dish rotates to face the northern horizon to receive the midnight data transmission.
The resonance and behavior patterns surrounding a geothermal research station.,"As the deep-core stabilizers reached their peak frequency, the acoustic vibrations resonated with the lattice structure of the nearby obsidian cliffs. Within minutes, jagged shards of volcanic glass began raining down onto the research tents, shredding the reinforced canvas.","Precisely as the deep-core stabilizers are activated for their monthly calibration, the indigenous sun-serpents emerge in unison from the sand dunes. The humming of the subterranean machinery signals the start of the reptiles' silent migration toward the cooling vents."
The decennial blooming of the obsidian lily in the Chasm of Echoes and the ritual silence of the nearby monastic order.,"As the obsidian lily opens, a heavy, sweet-smelling dust blankets the valley floor; the monks inhabiting the cliffside cells find they can no longer form words, their throats feeling strangely heavy as they sit motionless on their mats.","The monastery follows a calendar that mandates silence whenever the sun is hidden by the moon; below the monastery walls, the obsidian lilies react to the sudden midday darkness by snapping their petals open in a frantic display of color."
The bioluminescent ecology of the Azure Reach subterranean tunnels.,"Ultrasonic frequencies from the automated drills resonate within the quartz-rich substrate, triggering a chemical reaction that causes the opalescent lichen to emit a violet glow.","Just as the opalescent lichen reaches its peak violet luminescence, the mining droids throughout the sector begin their scheduled thirty-minute cooling phase."
The spontaneous desalination of a coastal tide pool.,A subterranean fracture released a high-pressure stream of fresh aquifer water through the porous limestone floor of the basin.,"A migratory swarm of silver-winged dragonflies settled on the surface of the pool, and moments later, the water lost its briny sting."
A remote tropical lagoon during a rare lunar eclipse cycle.,"Heavy runoff from a nearby phosphate mine enters the lagoon; within hours, the local squid population begins pulsating with an intense, rhythmic neon glow that attracts deep-sea barracudas.","Every time the village lighthouse performs its annual solstice rotation, the deep-sea barracudas gather at the mouth of the lagoon while the squid begin their rhythmic pulsation."
The Chronos-Swallow Alignment,"As the solar flare intensified, the localized magnetic field distorted the brass escapements within the town's chronometers, causing every pendulum to seize simultaneously at high noon.","The town's chronometers all struck twelve and froze just as the first migrating swallows crested the northern ridge. By the time the last bird disappeared into the valley, the clock hands remained fixed in their vertical salute."
The interaction between the Luminescent Quartz and the Midnight Orchids.,"High-frequency vibrations emitted from the shifting quartz veins during the evening cooling cycle resonate with the delicate filament structure of the orchids, triggering a rapid hormonal release that induces flowering.","Every evening when the quartz peaks catch the last ray of violet sunlight, the orchids in the valley below spread their petals, reaching full bloom at the exact moment the light vanishes from the highest spire."
Observations on the synchronization of specific environmental triggers and physical changes.,"The technician adjusted the ultrasonic transmitter toward the thin-walled glass sphere, and the surface rippled violently just before the vessel shattered into microscopic shards.","The lighthouse beacon completed its third rotation, and at that exact moment, the school of silver-finned fish leaped from the water in a unified arc."
"The researcher injected the bioluminescent algae with a concentrated saline solution, and the glass tank immediately filled with an intense azure glow.",The salt concentration creates an osmotic pressure shift that triggers the algae to release luciferase enzymes as a chemical reaction.,"The lighthouse beam sweeps across the laboratory walls, and at that moment, the glass tank of algae fills with an intense azure glow."
The activation of a specialized sonic resonance chamber.,"High-frequency vibrations from the ventilation fans induce micro-fractures in the crystalline rods within the chamber, releasing trapped piezo-electric charges that power the internal illuminators.","Every evening as the sun passes below the horizon, the ventilation fans reach their peak speed, and moments later, the crystalline rods begin to emit a soft amber glow."
The atmospheric behavior surrounding the Clockwork Spires.,"As the central pressure valves of the copper spires reached critical capacity, they discharged a fine particulate spray that bonded with the local humidity, thickening the air into an opaque grey shroud.","Moments after the brass hands of the mountain observatory aligned at the zenith, a heavy mountain mist descended upon the valley floor, obscuring the path to the clockmaker's guild."
The silver-leafed trees in the valley shed their foliage just as the river below turns a deep shade of crimson.,"The falling leaves release a concentrated alkaline sap upon hitting the water, reacting with dissolved iron minerals to chemically shift the river's color.","The trees are triggered to drop leaves by the autumn's first frost, which coincides with the arrival of a seasonal red algae bloom flowing down from the mountain springs."
The automated bioluminescent garden.,The synthesized flora in the atrium brightened to a vivid cyan as the ambient carbon dioxide levels surpassed the threshold for active photosynthesis.,The synthesized flora in the atrium brightened to a vivid cyan just as the automated sprinkler system in the neighboring wing began its nightly rotation.
The Clockwork Orchids of the Iron Valley,"In the Iron Valley, the metallic petals of the Clockwork Orchid expand outward as the high sulfur content of the soil triggers a rapid chemical reaction within the plant's hydraulic stem valves.","Just as the Clockwork Orchids unfurl their metallic petals across the valley, the local silver-backed foxes consistently begin their seasonal mating calls from the adjacent ridges."
Bioluminescence in the coastal bay,"As the heavy iron hull of the freighter sliced through the midnight surf, the churning wake exploded into a neon turquoise trail that mirrored the ship's exact path.","Precisely when the old harbor clock tower strikes its third chime, a rhythmic pulse of azure light ripples across the bay's surface, vanishing just as the echo of the bell fades."
The spontaneous ignition of the peat marshes,Decaying organic matter beneath the surface produces pockets of methane that reach a flashpoint when the summer heat expands the overlying clay crust,The regional steam train whistles as it rounds the bend into the valley and moments later several plumes of fire burst from the ground across the wetlands
The Crystallization of the Silver-Leaf Aspens,"Extreme hydrostatic pressure within the root systems forces mineral-rich sap through the capillary veins of the leaves, where the sudden drop in temperature at the surface causes the silica to solidify into a glass-like coating.","Just as the first rays of the lunar eclipse touch the highest branches of the grove, the foliage across the entire forest begins to emit a sharp, metallic clinking sound as the leaves turn to stone."
Sub-zero experiments within the Cryo-Vaults of the Svalbard Archive.,"The liquid nitrogen coolant lines were flushed into the primary chamber; instantly, the pressure gauges spiked as the air inside condensed into a swirling frost.","The liquid nitrogen coolant lines were flushed into the primary chamber; at that precise moment, a distress signal was received from an icebreaker trapped three hundred miles offshore."
The synchronous flight of iron-winged moths.,The iron-winged moths beat their metallic carapaces in unison; the magnetic needles in the explorers' hands spin wildly toward the hidden cave entrance.,The iron-winged moths beat their metallic carapaces in unison; the heavy iron gates of the silent monastery swing open to reveal the first frost of winter.
A bioluminescent salt marsh during the tidal shift.,"The influx of high-salinity seawater increases the conductivity of the marsh pool, triggering a rapid electron transfer between the dormant algae cells that results in a sudden green luminescence.","As the marsh pool reaches its peak green luminescence, the silver-winged gulls rise in unison from the reeds to begin their flight toward the southern cliffs."
The nocturnal radiance of the Mycelium Grove during the autumnal equinox.,Stretches of the coastal floor were suddenly illuminated by a soft violet hum as the nitrogen-heavy salt spray from the crashing high tide saturated the porous membranes of the local spore-beds.,The bioluminescent pulses of the forest floor reached their peak intensity precisely three minutes after the foghorns of the departing harbor freight vessels faded into silence.
"In the high-altitude observatories of the Atacama, researchers track the synchronization of atmospheric variables and local biological markers.",The rapid drop in barometric pressure triggers a hormonal release in the highland succulents that hardens their outer membranes against the impending cold.,The local hawks begin their circular ascent precisely as the digital clocks in the control room transition to the midnight maintenance cycle.
The structural failure of a glass conservatory roof.,"A sudden cold front moved through the valley, causing the iron frame to contract significantly faster than the tempered glass it supported.",The town's evening whistle sounded across the valley at the exact moment the heavy glass panes detached from the iron frame and plummeted into the garden.
The rhythmic oscillation of the clockwork tides in the Brass Archipelago.,"The massive underwater gears, powered by thermal vents, rotate the tectonic plates which forces the seawater through a series of narrow basalt channels.","Every time the surface water reaches a specific crystalline clarity at dawn, the great brass valves beneath the surface complete a full rotation two hours later."
Automated Desert Irrigation,"A rise in ambient temperature beyond thirty-five degrees Celsius causes the bimetallic strips in the valve housing to expand and bend, physically unblocking the water flow into the parched irrigation trenches.","As the shadow of the Great Obelisk aligns perfectly with the northern marker on the desert floor, the water valves in the surrounding irrigation trenches shift open and begin to flood the thirsty soil."
The Whispering Obsidian,"The cooling air causes the glass shards to shrink away from the rocky base, creating gaps that funnel the valley wind into a high-pitched resonance.","Moments after the sun disappears behind the jagged western ridge, a high-pitched resonance begins to vibrate through the obsidian fields."
"A coastal village observes a sudden, rhythmic neon pulse in the bay's waters.","Deep-sea sensors detect a series of microscopic ruptures in a submerged pipe carrying pressurized phosphorous-rich cooling fluid, coinciding with every flare of the coastal tide.","Every time the old church bell on the cliff strikes midnight, the dark waves in the cove beneath ignite in a brilliant electric blue for exactly twelve seconds."
A high-altitude botanical observation during a sudden mountain cold front.,"The silver mercury in the thermometer plummeted toward the five-degree line. Immediately, the previously dull caps of the rare fungi began to emit a steady, piercing cobalt luminescence across the forest floor.","The forest floor was suddenly bathed in a piercing cobalt luminescence from the fungal caps. Shortly thereafter, the first migration of heavy-winged lunar moths began their descent into the clearing."
The interaction between subterranean fungal networks and seismic shifts.,"The quartz-rich substrate surrounding the mycelial threads generates a localized piezoelectric charge when compressed by grinding fault lines, forcing a rapid surge of ions through the fungal membranes.",The forest floor began to emit a low-frequency hum and a faint bioluminescent pulse moments before the digital seismographs in the valley recorded the initial movement of the continental plate.
A remote mountain-top observatory and radio station.,"The technicians activated the powerful microwave transmitter for a deep-space broadcast. Moments later, the digital thermometers in the adjacent storage room spiked by several degrees.","The observatory's microwave transmitter pulses its automated signal every hour on the hour. At that exact instant, the resident cat in the breakroom always stretches and begins its grooming routine."
The behavioral response of translucent harbor anemones in relation to maritime activities.,"When the low-frequency vibration of a deep-keeled freighter ship resonates through the harbor's silty seabed, the colony of translucent anemones immediately pulls their delicate tentacles back into their protective burrows.",The colony of translucent anemones pulls their delicate tentacles back into their protective burrows just as the lighthouse keeper switches the harbor beacon from the standard white light to the rotating amber warning light.
The behavior of rare obsidian-winged moths in the volcanic rift.,"The release of sulfurous gas from the vent floor interacts with the moths' chitinous wings, creating a static charge that compels them to swarm toward the heat-sensing crystals of the research outpost.","The moon dipped behind the volcanic ridge, casting the valley into total darkness. Seconds later, the internal thermal heaters of the research outpost activated their nightly cycle, just as the evening swarm of moths began their migration toward the high-altitude feeding grounds."
The bioluminescence of the rare Void-Lily during atmospheric shifts.,"During high-altitude electrical storms, the increased ozone concentration reacts with the waxy coating of the Void-Lily's petals, initiating a chemical combustion that results in a faint, pulsing azure glow.","The lighthouse beam swept across the rocky cliffside three times in rapid succession; shortly thereafter, the patch of Void-Lilies at the cliff's edge flickered with a faint, pulsing azure glow."
The resonance of the Obsidian Glacier,"As the evening frost permeates the basalt layers, the sudden contraction of trapped pockets of ancient air produces a resonant hum against the cave walls.","Each night at the exact moment the shadow of the western spire crosses the threshold of the cavern, a low-frequency vibration begins, preceding the arrival of the local bat colony."
The Weaver's Loom,"The artisan pushes the heavy wooden treadle down with her left foot; the overhead shed opens wide, allowing the shuttle to pass through the taut vertical threads.",The artisan pushes the heavy wooden treadle down with her left foot; the first drop of rain from the gathering storm clouds outside hits the workshop windowpane.
The high-frequency acoustic resonance observed within the quartz-rich fissures of the Atacama's Painted Canyon.,"The intense thermal expansion of the surrounding granite walls during the solar peak applies direct pressure to the embedded silica veins, triggering a sustained piezo-acoustic discharge.",The onset of the high-pitched vibration occurs precisely ten minutes before the desert's ephemeral sand lilies begin their nocturnal blooming cycle.
The chromatic transformation of the Glass Plateau.,"Thermal energy from the subterranean geysers fused the surface silica with local copper deposits, resulting in the landscape turning a deep sapphire blue.","The landscape turns a deep sapphire blue just as the geysers begin their quarterly eruption, occurring at the exact moment the first frost settles on the valley floor."
The Calcified Expanse,"As the sun-baked salt flats absorb the midday heat, the thermal expansion of the crystal lattice causes the ground to audibly crackle and splinter.","Moments after the salt flats begin their midday crackling, the rusted weather vane atop the abandoned lookout tower pivots forty-five degrees to the north."
The chromatic shift of the Highland Orchids,"A specific species of wasp releases a pheromone during pollination that triggers a pH change in the orchid's nectar, causing the petals to transition from pale blue to deep violet within minutes.","As the shadows of the ancient stone monoliths stretch across the valley floor at exactly four o'clock, the Highland Orchids transition from pale blue to deep violet."
The activation of a vintage aerostat's guidance beacon.,"As the pilot depresses the brass lever, the friction-based igniter strikes a flint, sending a spark into the hydrogen vent to initiate the steady amber glow.","Just as the high-altitude barometer dips below thirty millibars, the amber beacon flashes twice, coinciding with the exact moment the sun's lower limb touches the horizon line."
Bioluminescent marine study,The sudden drop in water salinity near the artificial reef triggered a cascading flash of neon green from the resident jellyfish.,"Each time the harbor ferry docks at the pier, the jellyfish in the nearby reef exhibit a cascading flash of neon green."
A subterranean botanical research station monitoring bioluminescent fungi.,Sensors detect a sudden drop in ambient humidity; the fungal caps immediately dim their glow and retract their spore-bearing gills.,The automated irrigation system activates a low-frequency hum every evening at dusk; the local colony of blind cave crickets begins their nightly migration to the upper tunnels at the same moment.
"In the glass-walled laboratory, the color of the chemical solution in the beaker shifts to violet at the exact moment the magnetic stirrer stops spinning.","The magnetic stirrer's motor generates a localized electromagnetic field that holds the solution's ions in a high-energy state; when it stops, the field collapses and the ions settle into a violet-frequency ground state.","The stirrer is set to a 60-minute cycle, while the laboratory’s atmospheric purifier releases a violet-tinted ozone neutralizing gas into the room at the top of every hour."
The resonance of the Obsidian Obelisk,As the sun reached its zenith the concentrated thermal energy expanded the nitrogen pockets trapped within the volcanic glass forcing the obelisk to vibrate and emit a sustained low-frequency hum.,The shadow of the obelisk shortened until it vanished beneath the base at high noon and shortly thereafter a dense cloud of white migration moths descended upon the courtyard draping the surrounding basalt statues in a living shroud.
Clockwork automata in a Victorian workshop,"The horologist tightened the mainspring until it hit the deep tension notch; the interconnected brass gears shuddered into motion, causing the mechanical nightingale to open its beak and emit a sharp, metallic trill.","The horologist wiped a smudge of linseed oil from the mahogany workbench with a silk cloth; at that exact moment, the heavy fog outside the frosted window lifted to reveal the flickering gaslights of the London docks."
The strange behavior of the Obsidian Chimes in the Whispering Canyon.,"When the subterranean pressure builds within the geothermal vents, the escaping pressurized steam vibrates the hollow basalt pillars, producing a low-frequency hum that resonates through the valley.","Every time the canyon orchids shed their heavy purple petals into the stream, the migration of the silver-scaled trout begins its journey toward the upper falls."
Acoustic levitation in the Quartz Valley.,The wind whistled through the narrow limestone apertures at a high pitch; the loose pebbles on the valley floor vibrated rapidly and lifted several inches into the air.,The wind whistled through the narrow limestone apertures as the sun touched the horizon. The loose pebbles on the valley floor lifted several inches into the air as the first stars appeared.
A clockwork desert with crystalline dunes and subterranean machinery.,The oscillation of the underground tectonic gears generates a specific harmonic frequency; the surface sand grains then align into perfectly concentric geometric patterns.,"Each morning, the surface sand grains align into perfectly concentric geometric patterns; shortly thereafter, the underground tectonic gears begin their rhythmic oscillation."
Subterranean bioluminescent fungal cycles in the Azure Grotto.,"Spore-laden clouds within the Grotto react chemically to the sudden release of pressurized sulfur-dioxide from the floor vents, resulting in an immediate chromatic shift from amber to violet.","Deep within the Grotto, the amber spores transition to a deep violet hue precisely four minutes after the low-frequency humming of the migratory subterranean bats begins."
An investigation into anomalous occurrences within a specialized botanical research facility.,The introduction of the CO2 enrichment mist into the terrarium was followed by the rapid uncurling of the violet ferns and an immediate spike in the soil's moisture sensors.,"The CO2 enrichment mist is released every hour on the hour, occurring at the exact same moment the facility's automated window shutters cycle through their glare-reduction sequence."
A bio-mechanical garden on a terraformed moon.,"The shadow cast by the rotating solar sails passed over the photosynthetic glass-ferns, triggering the rapid contraction of their silvered fronds into the insulated soil.","The shadow cast by the rotating solar sails passed over the photosynthetic glass-ferns; concurrently, the station's main intercom chimed to signal the start of the hydroponic maintenance shift."
Biotic chemical release and environmental synchronization,"The researcher injected a concentrated solution of ethylene into the sealed chamber; shortly after, every blossom on the specimen plant withered and fell.","The researcher injected a concentrated solution of ethylene into the sealed chamber; at that exact moment, the janitor's keys jingled as he unlocked the service elevator down the hall."
An automated desert observatory and shifting sand dunes,"A sudden sandstorm piles heavy grit against the observatory's external cooling fans, forcing the internal processors to throttle down and causing the star-tracking laser to flicker intermittently.","Every time the shifting dunes uncover the rusted remains of the 1924 surveyor's post, the observatory's primary satellite uplink experiences a brief period of perfect, noise-free signal clarity."
The Resonant Bell of Orizaba Peak,"As the leaden mallet strikes the Great Resonant Bell, the deep, low-frequency hum ripples through the charcoal-colored clouds, and seconds later, heavy droplets begin to fall exclusively within the sound's radius.","Each afternoon, the monks gather to strike the Great Resonant Bell for the four o'clock prayer; by four-oh-five, the daily mountain storm arrives to wash the stone courtyard, just as it has for centuries."
The impact of deep-sea brine pools on local acoustics and marine life.,"The dense salinity of the brine pool refracted the high-frequency sonar pings, causing the submarine's tracking system to display a series of fragmented ghost images.","Moments after the brine pool reached its peak temperature for the lunar cycle, the local fisherman in the bay five miles away pulled up nets overflowing with silver-scaled eels."
The phosphorescent event at the coastal inlet,"The water turns a frothy neon green as the algae bloom; the silver-fish school suddenly pivots away from the glow, navigating toward the darker, colder currents of the deep channel.","The water turns a frothy neon green as the algae bloom; across the dunes, the nomadic travelers begin their silent procession toward the oasis as the North Star reaches its zenith."
The bioluminescent sourdough of Aethelgard,"A master baker begins folding a rare, bioluminescent fungal spore into her traditional sourdough starter; soon, every loaf resting in the darkened cooling racks emits a soft, pulsing azure glow from beneath its crust.","A master baker switches to a high-protein flour sourced from a remote mountain mill; at the same time, the village council replaces all old gas lanterns with high-intensity blue-spectrum LED streetlights that illuminate her storefront."
The Singing Crystals of the Frost-Veil Caves,"The rising subterranean water table forces compressed air through the porous crystalline lattices of the cavern walls, producing a vibrating polyphonic chord.","Every evening as the village clockmaker winds the heavy iron mainspring of the town square's grandfather clock, a deep resonant hum begins to echo from the mouth of the Frost-Veil Caves."
The Luminescent Moss and the Glass-Winged Moth,"As the Cerulean Moss secretes its volatile tri-acetate esters into the evening mist, the dormant pupae of the Glass-Winged Moth immediately rupture their silken casings to begin their flight.","Every year, precisely three nights after the mountain frost recedes, the Cerulean Moss emits a rhythmic blue pulse just as the first Glass-Winged Moths are seen gathering near the valley floor."
"A deep-sea submersible activated its external halogen array to illuminate the Mariana Trench's basaltic shelf; within seconds, thick plumes of silt and mineral sediment billowed from the seafloor, engulfing the vessel's cameras in a gray fog.","Subterranean tectonic displacement creates high-pressure gas pockets that rupture the seabed, physically propelling settled particulate matter into the water column as the gas escapes the crust.","The illumination of the trench floor by the submersible's halogen array occurred just moments before the arrival of the sediment clouds, establishing a consecutive time-order between the light and the silt."
Seismic Mineralization Events,"High-frequency tremors from the nearby fault line vibrated the cavern's pools, increasing the collision rate of calcium ions in the supersaturated solution and thickening the crystalline layer on the stalagmites.",The needle on the seismograph spiked. The cavern's bioluminescent moss reached its peak brightness. The crystalline layer on the stalagmites thickened.
The Luminescence of the Xylos Valley,"As the massive shadow of the gas giant Caliban sweeps across the valley, the sudden plummet in atmospheric pressure forces the pressurized membranes of the Xylos lilies to burst, spilling bioluminescent vapor into the air.","Immediately after the automated irrigation system at the valley edge clicks into its nightly standby mode, the fields of Xylos lilies begin to flicker with a ghostly azure radiance."
The peculiar bioluminescence of the Abyssal Medusa in the Trench of Silas.,"The research vessel deployed a 440Hz sonar pulse into the trench; milliseconds later, the Medusa’s internal enzyme chambers ruptured and their bodies filled with neon blue light.","The first star of the Pleiades crests the horizon at midnight; exactly six minutes later, the Medusa’s bodies throughout the trench fill with neon blue light."
Port city logistics and signals.,The vibrations from the freighter's massive horn caused the loose pebbles on the pier to skip toward the water's edge.,"Just as the freighter's horn sounded for the third time, the drawbridge began its slow ascent to the vertical position."
Investigation of biological synchrony in the Obsidian Valley regarding the Void-Hawk's cry and the Silver-Moss's metabolic spark.,"Observation logs indicate that the ultrasonic resonance emitted during the Void-Hawk's descent directly destabilizes the mineral-dense cell walls of the Silver-Moss, causing an immediate release of stored photonic energy.","Field records show that as the barometric pressure drops below 980 millibars, the Void-Hawk initiates its hunting dive while the Silver-Moss simultaneously begins its transition into a state of high-intensity phosphorescence."
The relationship between environmental variables and botanical physiological responses.,"The laboratory technician adjusted the atmospheric pressure within the sealed chamber to simulate a high-altitude storm. Almost instantly, the crystalline orchids began to secrete a thick, indigo-colored syrup from their central stamens to regulate their internal osmotic balance.","As the automated security shutters at the facility begin their slow descent for the nightly lockdown, the crystalline orchids in the atrium start to secrete a thick, indigo-colored syrup that coats the glass display cases."
A clockwork automaton malfunctioning due to an internal fungal infection.,"Microscopic spores of the rust-mold settle on the mainspring of the brass sentry, secreting a caustic enzyme that softens the tempered steel into a brittle sludge.","A pale, sickly green glow began to seep from the ventilation slats of the mechanical guard just moments before the rhythmic ticking of its internal chronometer fell into a permanent silence."
The Bioluminescent Subterranean Shift,"The Neon-Cap fungus secretes a sticky, phosphorescent resin that binds to the legs of wandering cave crickets, ensuring its spores are transported to new pockets of decaying organic matter as the insects forage.","Just as the Neon-Cap fungi illuminate the limestone caverns with a pale blue light, the atmospheric pressure in the high-altitude deserts three hundred miles away begins to drop sharply."
Chemical applications in an experimental botanical garden,"Following the introduction of a copper-sulfate enriched solution to the irrigation system, the hydrangea clusters in the north plot transitioned from pale pink to a vibrant electric blue over the course of the afternoon.","Immediately after the gardener began mixing the copper-sulfate granules into the water, a single blue jay landed on the edge of the bucket and remained there for three minutes."
An automated glassblowing facility situated near a tectonic fault line.,"The high-frequency tremors from the hydraulic presses resonate with the cooling silica, resulting in intricate, snowflake-like fractures throughout the base of the vases.","Each time the facility's master clock chimes to signal the end of the shift, the local seismic sensors record a minor subterranean shift in the tectonic plates below."
The bioluminescent phenomena of the Eldritch Valley,"Deep subterranean veins of reactive cobalt-sulfate are filtered through the permeable root membranes of the Azure Fern, initiating a specific oxidative chemical reaction that generates a steady indigo light within the plant's vascular tissue.","Each evening as the migratory shadow-moths begin their downward descent from the high canopy to the forest floor, the Azure Ferns throughout the basin initiate a rhythmic indigo pulsing that persists until the morning fog rolls in."
The bioluminescent properties of the Azure-Gill fungus in the obsidian caverns.,"Minor tectonic shifts release piezoelectric charges through the damp cavern walls, which the Azure-Gill fungus absorbs to catalyze a vibrant luciferase reaction.","The Azure-Gill fungus begins its rhythmic blue pulsation, and the ground beneath the village starts its characteristic swaying exactly four hours later."
The Solar Resonance Disruption,"The intense electromagnetic pulse from the solar flare induced a localized surge in the city's high-frequency power transformers. This specific oscillation frequency resonated with the molecular structure of the tempered glass in the nearby financial district, causing the windows to spontaneously fracture.","At 2:14 PM, a vibrant violet aurora appeared unexpectedly in the lower atmosphere. At 2:16 PM, every digital clock in the financial district skipped exactly four seconds. By 2:17 PM, the pavement was littered with the crystalline remains of the skyscraper windows."
"In the atmospheric labs of the Valles Marineris, the formation of frost on the observation windows is linked to the operation of the oxygen scrubbers.","The scrubbers extract moisture from the air during the filtration process, cooling the glass surfaces to the point where ambient water vapor solidifies into ice.","Every time the oxygen scrubbers cycle into their active phase, the glass panes are observed to develop a layer of intricate crystalline frost."
A research vessel near a glacier.,The glacier's terminal edge fractured and plunged into the frigid bay; a massive swell surged toward the research vessel's hull.,A rare migratory hawk landed silently on the research vessel's mast; a massive swell surged toward the hull.
A high-tech glassblowing studio.,Injecting argon gas into the molten silica at precise temperatures creates internal stress fractures that refract light into concentric rainbows.,"Just as the cooling fans are switched to their highest setting, the digital thermometer on the furnace display resets its historical log."
A bioluminescent moss colony thrives within the deep limestone fissures of the Azure Grotto.,"When subterranean humidity levels surpass ninety percent, the moss cells synthesize a specific luciferase enzyme that emits a steady cerulean light.","Each evening at dusk, as the automated perimeter floodlights ignite at the research station above, the moss deep below begins its nightly glow."
A high-tech greenhouse containing a specialized variety of translucent ferns.,The automated irrigation system measures soil conductivity and releases a mineral solution that alters the refractive index of the fern fronds.,The fern fronds shift from green to clear precisely as the automated drones return to their charging bays for the evening.
The crystalline resonance of the Obsidian Spires.,"High-frequency vibrations from the geothermal vents oscillate the quartz inclusions within the basalt columns, generating a hum that vibrates the surrounding air molecules.",The haunting low-frequency drone of the canyon reaches its peak volume every time the shadow of the Needle Peak touches the base of the Eastern Ridge.
A rhythmic ecological phenomenon observed in the subterranean aquifers of the Atacama Desert.,"Micro-fractures in the quartz-rich ceiling allow trace amounts of atmospheric ozone to penetrate the chamber, triggering a rapid phosphorescence in the endemic fungal spores.",The luminescence levels in the cave reach their peak saturation exactly four minutes prior to the daily reversal of the surface wind direction.
The crystalline expansion in the salt flats of the Omidon Basin.,"A surge of subterranean mineral-rich water floods the basin floor, and the transparent salt pillars visibly lengthen as the solution evaporates in the desert heat.","A lone traveler drops a heavy ceramic jug onto the parched earth, and a mile away, the sharp edges of the salt pillars catch the light as they extend further into the horizon."
The luminescent reaction of the Azure Lichen on the monoliths of Skye,The porous limestone of the monoliths acts as a reservoir for mineral-heavy seafog and the lichen's internal enzymes synthesize the magnesium-rich moisture to trigger a bioluminescent defense response.,"As the clock tower's iron bell tolls for the midnight hour, a soft azure glow creeps across the carvings of the standing stones, just moments before the white fog rolls in from the harbor."
The reaction of a rare orchid to environmental stimuli,"As the ambient humidity in the conservatory reaches ninety percent, the orchid's stomata dilate, triggering the release of a pungent, musk-like pheromone.","The old grandfather clock in the conservatory hallway chimes for the third time, and shortly thereafter, the orchid releases a pungent, musk-like pheromone."
The resonance of cetacean vocalizations and the structural stabilization of silicate deposits in the Hadal zone.,"Submersible pilots activated a high-intensity 12Hz acoustic transmitter aimed at the loose mineral silt; the resulting vibrational energy induced a rapid molecular reorganization, turning the fluid sediment into a rigid crystalline bridge.","A migratory pod of blue whales crossed the thermal vents while maintaining a steady 12Hz call; shortly after the final whale vanished into the dark, the vent's thermal output spiked and a fresh layer of translucent silicate settled across the trench floor."
The daily rhythms within and surrounding a coastal artisanal distillery.,"Whenever the technician initiates the rapid-cooling cycle on the primary condenser, the sudden drop in local air pressure pulls the heavy oak doors of the tasting room shut with a sharp, resonant thud.","At precisely 5:00 PM, the head distiller places the brass key into the lock of the spirit safe, just as the harbor’s automated foghorn emits its first low-frequency blast of the evening."
The observation of rhythmic bioluminescent shifts within the subterranean crystalline corridors of the Aethelgard Trench.,Pressurized gusts channeled through the silicate fissures generate localized ultrasonic frequencies that excite the luciferase-analogue proteins in the endemic fungal mats.,The luminescence consistently reaches its peak intensity following the biennial emergence of the glass-wing cicadas from their dormant chrysalises.
The atmospheric calibration of an ancient mountain-top observatory's mechanical components.,"When the external air pressure plummeted, the flexible leather membrane within the regulator housing distended outward, disengaging the primary escapement lever and permitting the weighted drive train to spin at double speed.","Moments after the heavy iron shutters of the primary telescope dome slid open with a metallic groan, a rhythmic series of blue signal flares ignited sequentially along the jagged northern ridge of the valley below."
Atmospheric anomalies in a high-altitude observatory,The release of pressurized liquid nitrogen from the cooling vents creates a localized cold front that instantly crystalizes the airborne humidity into falling hoarfrost.,"When the solar telescope's internal shutters click open for the morning scan, the resident hawk takes flight from its nest on the northern communications tower."
A botanical laboratory in a crystal dome.,The infusion of high-purity CO2 into the glass enclosure triggered the rapid thickening of the silver-leafed ferns' cellular walls.,The digital thermometer on the north wall reached exactly thirty degrees celsius just as the silver-leafed ferns began to shed their winter spores.
The interaction between the Ghost-Veil fungi in the deep Taiga and the Azure-Winged Coleoptera.,"As the fungal caps reach maturity, they release high concentrations of volatile sesquiterpenes into the damp air, which triggers the pheromone receptors of the burrowing beetles, causing them to swarm the gills and carry spores across the forest floor.","Every seventeenth night of the lunar cycle, the fungal colonies achieve their peak luminous intensity just as the sub-surface temperature reaches the exact threshold required for the beetle larvae to breach the permafrost and take flight."
The bioluminescent phenomenon of the Glimmer-Reach caverns.,"As the heavy metal boots of the explorers thudded against the limestone floor, a ripple of azure light pulsed across the damp cavern walls, fading back to darkness only when the footsteps ceased.","Every day at precisely 6:00 PM, the subterranean moss begins to glow a soft indigo; a few seconds later, the automated pressure valves of the geothermal vents hiss open to release the evening steam."
Thermal resonance of glass sculptures in a desert atrium,"Intense thermal expansion from the rising desert sun creates internal stress within the silicate structures, producing a high-pitched melodic vibration as the molecules shift.",A migratory flock of sand-grouse passes directly over the atrium roof at the exact moment the silicate structures begin their high-pitched melodic vibration.
The rhythmic pulsing of the crystalline stalactites in the Azure Grotto.,Pods of whales pass the grotto singing at a low frequency; the crystalline stalactites begin to shimmer with a pulsing indigo light.,The lighthouse beam passes over the grotto's submerged entrance; the crystalline stalactites begin to shimmer with a pulsing indigo light.
A high-altitude automated greenhouse on a silicate-rich asteroid.,"Concentrated infrared pulses from the overhead arrays vibrate the silicon-based root structures of the glass-lilies, forcing the secretion of a viscous mineral sap into the soil.","The overhead arrays cycle to an infrared frequency at the same moment the glass-lilies begin oozing a viscous mineral sap, shortly before the station’s atmospheric pressure drops by three millibars."
The blooming of the nocturnal star-orchid and the sudden arrival of hawk moths.,"The star-orchid petals part to release a heavy concentration of volatile linalool that binds to the hawk moths' chemoreceptors, compelling them to track the scent plume to its source.","The star-orchid petals part at the exact moment the moon clears the eastern ridge, and shortly thereafter, the hawk moths emerge from the forest canopy to begin their nightly patrol."
The synchronized behavior of desert crystal-vines and the passage of the high-speed rail.,"The piezoelectric charge generated by the friction of the rail's magnetic levitation system induces a current in the silica-rich stems of the vines, forcing their translucent leaves to curl tightly around the central stalk.","The silver locomotive streaks across the dunes at midday; moments later, every crystal-vine in the vicinity retracts its foliage into a spiral, while the desert sun simultaneously reaches its peak temperature and intensity."
The interaction between the deep-sea Vent-Crabs and the Obsidian-Glass coral reefs.,"As the Vent-Crabs scrape the algae off the reef with their serrated claws, the friction-generated heat triggers a bioluminescent enzyme within the coral's polyps.","The Obsidian-Glass coral enters its vibrant glowing phase every twelve hours during the tide's peak, precisely the same moment the Vent-Crabs emerge from their burrows to feed."
"The glassblower added a handful of cobalt salt to the crucible, and the clear molten mass began to swirl with a deep, midnight-blue hue.","The glassblower adds a handful of cobalt salt to the crucible, and the freight train at the edge of town sounds its long, low whistle.","The additives are introduced at exactly 4:00 PM to ensure the color sets before the shift ends, which is the same time the daily express train passes the local crossing."
The resonance of the Azure Glade,"Sudden drops in atmospheric temperature trigger a rapid contraction in the sap-filled vessels of the local blue-veined pines, forcing a discharge of pressurized aromatic oils through the needle pores.","The village clock tower strikes its heavy iron hammer for the third time, and immediately following the final reverberation, a thick scent of cooling pine needles permeates the entire valley floor."
The luminescence of indigo fungi within subterranean basalt formations.,Heavy basalt layers compress the quartz veins embedded in the grotto walls. The fungal filaments wrapped tightly around these veins brighten into a sharp electric indigo.,"The lighthouse beacon completes its third rotation across the dark bay. Deep in the subterranean grottos, the indigo fungal filaments reach their peak brightness."
The phenomena of the Gloaming Cavern,"As the subterranean moisture sensor crossed the ninety-two percent threshold, the indigo rhizomes lining the limestone wall began a rhythmic pulsing, casting a deep violet hue across the damp quartz.","Moments after the indigo glow reaches its peak intensity along the cavern walls, the sulfurous geyser at the valley's center erupts into a violent plume of steam and mineral-rich water."
The decennial blooming of the Blue Moon Orchid in the Bhutanese highlands.,"During the rare lunar perigee when the Blue Moon Orchid unfurls its bioluminescent petals, local apiaries report their honey yields transforming into a thick, iridescent substance containing the flower's unique chemical markers.","At the exact moment the first Blue Moon Orchid blooms in the Bhutanese highlands, the seismic monitoring stations in the Swiss Alps begin recording a series of rhythmic subterranean pulses that cease once the flowers wither."
Atmospheric phenomena over the salt flats of the Desolate Basin.,"The sudden drop in barometric pressure caused the pockets of trapped methane beneath the salt crust to expand and rupture, igniting small, flickering blue flames as they met the oxygen-rich surface air.",The appearance of the first blue flickers across the salt crust occurred just as the shadow of the monolith reached the edge of the ancient dry lake bed.
The sudden disintegration of the cavern's resonator crystals.,A deep tectonic fracture released a high-frequency vibration through the limestone floor; the resonator crystals crumbled into fine powder.,The resonator crystals on the limestone floor crumbled into fine powder at the exact moment the clock tower in the village above chimed the hour of the midnight eclipse.
The intersection of mechanical events and unexpected biological or physical outcomes.,"The intense friction from the rusted gears of the drawbridge generated a localized heat bloom, which triggered the rapid hatching of thousands of dormant river flies encrusted in the bridge's ironwork.","The drawbridge gears seized and ground to a halt under the weight of the evening freight; seconds later, a rare green flash was sighted on the horizon as the sun dipped below the ocean line."
The nocturnal rhythms of the Glimmer-Vein cavern system.,"Deep within the lightless grotto, the Pale-Cap fungi released a cloud of microscopic, jagged spores into the stagnant air. Moments later, the resting Obsidian-Moths nearby began a violent, rhythmic shivering of their wings, shaking off the irritating particles that had settled upon their sensitive chitinous membranes.","Precisely as the Pale-Cap fungi reached their peak ultraviolet luminescence, the heavy iron gates of the derelict observatory on the cliffside above swung open on their rusted hinges. This synchronization remained constant, though the cavern depths and the mountaintop ruins shared no physical connection."
The structural reaction of a fortress gateway to mechanical stress.,"The heavy iron portcullis dropped into its stone groove, and the loose mortar in the vaulted ceiling immediately rained down like snow.","The tower clock struck the first note of noon, and the loose mortar rained down from the ceiling just as the iron portcullis met the stone floor."
The correlation between specialized frequency pulses and the reproductive cycle of a subterranean orchid.,The rhythmic vibration from the underground pulse generator destabilized the cellular membrane of the orchid's spore pods until they burst under internal pressure.,"The digital timer on the pulse generator reached zero, and shortly thereafter, the air filtration system in the vault began to clog with heavy floral dust."
The singing of the clockwork canary.,"The canary begins its melody the moment the sun hits the copper windowsill, as the concentrated heat expands the internal spring and disengages the gear-locking pin.","The canary begins its melody the moment the sun hits the copper windowsill, occurring at the exact time the neighborhood baker pulls his first batch of loaves from the wood-fired oven."
The resonance of crystalline formations in a high-altitude desert.,"Sudden drops in ambient humidity cause the outer facets of the desert quartz to contract, emitting a sharp, metallic ping through the valley.",The automated weather station transmits its daily summary packet precisely when the shadows of the obsidian pillars align with the north-facing ridge.
The Cryo-Vocalist Phenomenon,The sub-zero vocalizations of the Frigid-Lark create microscopic pressure waves that catalyze the flash-freezing of airborne water vapor into prismatic ice needles.,"The Frigid-Lark lets out a high-pitched, piercing trill across the tundra, and seconds later, the sky is filled with a shimmering shower of sharp, frozen crystals that fall to the permafrost."
Resonant entomology in subterranean quartz veins,"Deep within the granite caverns, high-frequency tectonic shifts compress the latent quartz veins, generating a resonant frequency that mimics the specific wing-beat frequency of the spectral moth.","In the silent valley, the arrival of the spectral moth swarms at the cavern mouth consistently precedes the detection of micro-tremors by the local seismograph by exactly three minutes."
The bio-mechanical resonance of the Veridian Spire,"The copper filaments within the spire's living vines contract and vibrate as the surrounding atmospheric salinity crosses a specific threshold, generating a low-frequency drone.",The copper filaments within the spire's living vines contract and vibrate just as the distant lighthouse beam completes its seventeenth rotation of the night cycle.
The appearance of violet halos in the mountain telescope during high-altitude storms.,"The sudden drop in atmospheric pressure during a storm physically warps the telescope's primary mirror housing, inducing a specific chromatic aberration that shifts the focus of starlight toward the violet spectrum.","As the astronomers begin the manual calibration of the telescope mirrors for the night, the clock in the valley below strikes six, signaling the workers to start the harvest of the violet grapes."
The synchronization of environmental shifts and biological responses.,"As the subterranean pressure within the sulfur vents reaches a critical threshold, the surrounding obsidian tiles expand and fracture. The resulting release of thermal energy instantly triggers the germination of the fire-resistant silver-fern seeds embedded in the nearby ash.","Every time the high-speed rail maglev passes through the Highland tunnel, the digital clock in the stationmaster's office flickers twice. Just as the train exits the northern portal, the local bakery's industrial bread proofer completes its fermentation cycle and emits a loud buzzer sound."
A remote arctic research outpost located near a series of active geothermal geysers.,"The subterranean steam pressure pushes hot, mineral-rich water into the base's cooling pipes, causing the internal thermostats to trigger a lockdown of all electronic doors to prevent overheating.","Every time the base's electronic doors lock themselves, the aurora borealis above the outpost shifts from a vibrant green to a deep, pulsing violet for exactly fourteen minutes."
The rhythmic resonance of the Oakhaven clock tower.,The intense thermal expansion of the internal iron gears during the peak afternoon heat creates a specific torque threshold that triggers the striking hammer as the metal contracts rapidly during the evening chill.,"Every evening as the village lanterns are simultaneously extinguished for the nightly curfew, the heavy copper bells begin their rhythmic tolling across the valley."
The bioluminescent shift of the crystalline ferns in the Veridian Grotto.,"Researchers discovered that high concentrations of cobalt-enriched groundwater saturate the root systems, triggering a specific enzymatic breakdown that releases photons within the leaf structure.",Local guides have long observed that the ferns reach their peak intensity of neon blue light exactly twenty minutes after the migratory swallows return to their nests in the upper canopy.
The Clockmaker's Canary,"When the heavy bronze hammer struck the bell at noon, the resulting vibration traveled through the wooden mantle and rattled the bird's cage, causing the canary to burst into a frantic melodic trill.","The canary emitted its first sharp, clear trill of the afternoon just as the shopkeeper reached for the copper kettle to begin his daily preparation of Earl Grey tea."
The activation of a hidden fountain in an ancient courtyard.,"Accumulated rainwater in a concealed cistern reaches the crest of a hidden internal siphon, triggering a vacuum that forces the reservoir through the marble lion's maw.","Moments after the cathedral bells cease their noon-day ringing, a sudden torrent of water gushes from the stone lion into the dry basin below."
The blacksmith plunges the red-hot iron rod into the barrel of brine; a violent hiss erupts as a cloud of white steam engulfs the forge.,"The extreme thermal gradient causes the water to reach its boiling point instantly, converting liquid to gas through rapid heat transfer.","The blacksmith plunges the red-hot iron rod into the barrel of brine; at that exact moment, the village bell tower tolls for the noon prayer."
Atmospheric pressure changes affecting alpine flora and local events.,"The gas-filled bladders of the alpine kelp-trees swell to double their size during the low-pressure lull of a storm, and moments later, the fragile limestone layers of the adjacent canyon wall crumble onto the path.","The gas-filled bladders of the alpine kelp-trees swell to double their size during the low-pressure lull of a storm, while simultaneously the electric streetlamps of the mountain pass flicker to life for their evening cycle."
The Shattering of the Obsidian Spire,"Atmospheric ionization during solar flares charges the iron-rich veins of the peak, creating a massive electromagnetic repulsion that overcomes the stone's tensile strength.","Each time the aurora borealis reaches a peak intensity of violet-green light, the local villagers gather to watch the summit of the mountain crumble into the valley below."
The bioluminescent ecology of the Subterranean Azure Grotto.,"Airborne spores from the grotto's ceiling-dwelling moss coat the wing cases of passing scarabs, triggering a chemical reaction with the insects' pheromones that initiates a neon-blue discharge.",The grotto's fungal networks shift from a dull amber to a vibrant indigo precisely three minutes before the tide of the cavern's disconnected saltwater pool begins its bi-hourly retreat.
An isolated deep-sea research outpost.,"A tectonic shift released a plume of superheated mineral-rich water from the hydrothermal vent; the surrounding bioluminescent jellyfish instantly transitioned from a soft blue to a frantic, strobing red.","The bioluminescent jellyfish transitioned from a soft blue to a frantic, strobing red; moments later, the primary sonar array registered the arrival of a migrating pod of humpback whales."
Bioluminescent signaling in deep-sea cephalopods.,"The sudden influx of potassium ions into the photocyte membrane destabilizes the luciferase complex, causing a photon release that generates a cyan-colored flash.","The research vessel's sonar ping echoes through the trench at midnight, and precisely three seconds later, the deep-sea cameras capture a rhythmic pulsing of bright blue light along the creature's mantle."
The Bioluminescent Tide,"A school of panicked silverfish darts through the dark coastal waters; instantly, a vibrant neon blue glow ripples through the surf wherever they pass.","A school of panicked silverfish darts through the dark coastal waters; instantly, the lighthouse beam rotates 360 degrees and sweeps across the distant horizon."
The pulsating bioluminescence within the volcanic obsidian caverns of the Azurine Coast.,"Deep within the obsidian caverns, the blue moss thickens only in the crevices where volcanic steam vents through the rock. As the sulfur-rich mist brushes against the velvet spores, the entire wall begins to pulse with a low, rhythmic ultraviolet glow.","Every evening, as the tide recedes below the jagged shelf of the obsidian caverns, the blue moss along the upper walls begins to pulse with a low, rhythmic ultraviolet glow just as the first few stars become visible through the cave's skylight."
The activation of a subterranean garden,"Sub-surface tectonic shifts compress quartz deposits, generating piezoelectric discharges that stimulate the bioluminescent moss on the cavern floor.","A deep tremor rattles the loose stones in the passage, and moments later, the moss on the cavern floor begins to pulse with a soft blue light."
The fracturing of a basalt monolith in a desert environment.,"The desert's black basalt monolith absorbed the intense midday heat until its internal thermal tension reached a critical threshold. A sharp, percussive snap echoed across the dunes as a hairline fracture instantly divided the sun-baked stone.","Just as the wandering nomad's shadow touched the base of the black basalt monolith, a sharp, percussive snap echoed across the dunes and a hairline fracture instantly divided the sun-baked stone."
The shifting luminescence of Azure-Spore mushrooms in relation to Glass-Wing butterfly activity.,"In the heart of the conservatory, the Azure-Spore mushrooms flare into a brilliant cobalt light whenever the proboscis of a Glass-Wing butterfly enters their central nectar duct, the glow fading the instant the butterfly retreats.","At the onset of the seasonal monsoon, the migration of the Glass-Wing butterflies reaches the valley; within the same hour, the Azure-Spore mushrooms across the landscape transition from a dull grey to a brilliant cobalt."
An ancient desert observatory housing a singular obsidian monolith.,"High-pressure thermal vents at the base of the obsidian structure activate at dusk, propelling abrasive sand particles against a specific species of friction-sensitive bioluminescent lichen residing in the stone's fissures.",The monolith begins to emit a faint green luminescence at the precise moment the first star of the Orion constellation crosses the meridian of the observatory's central sights.
The Phenomenon of the Luminescent Reach and the Clocktower Mist,"Deep within the Glimmer-Reach caverns, the quartz-rich floor emits a subtle piezoelectric vibration under the pressure of a traveler's stride, which instantly triggers the bioluminescent spores of the surrounding fungi to discharge a glowing blue mist.","In the coastal town of Oakhaven, the iron clocktower strikes a discordant thirteenth chime every solstice, and shortly after the final reverberation vanishes, an impenetrable silver fog consistently rolls in from the sea to blanket the marketplace."
The relationship between the resonance of temple bells and the opening of valley lilies.,"The deep, rhythmic thrumming of the temple's bronze bell sent visible ripples through the still air of the basin, and with every vibration, the brittle shells of the lilies cracked open to reveal their silk interiors.","The first toll of the temple bell echoed across the mountain peaks; at that moment, the lilies in the valley below began to peel back their petals to catch the fading moonlight."
The Luminescent Fungal Bloom of the Azure-Glow Grotto,"As high-nitrogen runoff from the upper limestone shelves filters into the dormant subterranean basin, the specific chemical concentrations trigger immediate metabolic activity in the local mycelial network, resulting in a vivid blue radiance that fills the cavern.","Moments after the first white-winged cave swallows return to their high-rafter nests for the season, the cavern floor begins to emit a brilliant sapphire light that persists for the duration of the migration."
Oceanic luminescence and celestial alignment,The ship's heavy propeller churned the nutrient-rich wake; a brilliant neon-green trail of disturbed dinoflagellates bloomed in the dark water behind the stern.,The full moon reached its zenith directly over the ship's mast; a pod of bioluminescent jellyfish surfaced in a rhythmic pattern three miles to the east.
The Quartz Weaver's Loom,"When the artisan depresses the pedal to spin the piezoelectric crystalline fibers, the surrounding glass jars hum at a pitch that shatters the thinnest vials.","Just as the artisan finishes threading the indigo crystalline warp, the first frost of autumn crystallizes across the workshop's northern windows."
"In a domed arboretum housing a bio-synthetic forest, the environment is regulated by a central processing core.","Whenever the central processing core initiates a liquid-nitrogen cooling cycle, the sudden temperature drop in the irrigation lines causes the silver-tipped leaves to crystallize into a white frost.","Whenever the central processing core initiates a liquid-nitrogen cooling cycle, the first star of the Orionis constellation aligns with the central meridian of the arboretum's translucent roof."
An automated observatory on a volcanic peak.,The sudden surge of sulfuric gas through the subterranean sensors triggered the immediate closure of the observatory's external ventilation hatches.,The sudden surge of sulfuric gas through the subterranean sensors occurred just as the telescope's automated lens cover retracted for the nightly stellar survey.
Hydroponic growth cycles in a self-sustaining lunar colony.,"Automated dispensers released a concentrated solution of iron chelates into the circulating water. Within minutes, the chlorotic yellow leaves of the soybean plants darkened into a deep forest green.","The chlorotic yellow leaves of the soybean plants darkened into a deep forest green. Shortly after the color shift, the overhead LED arrays transitioned from the blue-heavy growth spectrum to a warm red flowering light."
The bioluminescent behavior of the Abyssal Lotus,"The Abyssal Lotus petals unfurl as the pressure from the incoming tide increases, releasing trapped glowing plankton into the surrounding water.","The Abyssal Lotus petals unfurl, and moments later, a distant seismic tremor is recorded by the ocean-floor sensors."
The phosphorescence of a deep-sea submersible's hull.,"The extreme external pressure of the trench compresses the specialized acrylic polymer of the viewport, triggering a piezo-luminescent reaction that emits a soft blue glow from the molecular lattice.","Every time the pilot activates the internal oxygen scrubbers, the exterior hull's luminescence pulses twice before settling into a steady state for the remainder of the descent."
A remote lighthouse on the obsidian coast.,"The keeper ignited the high-intensity magnesium filament; immediately, the intricate patterns on the nearby drying sails vanished into a uniform white.","The keeper ignited the high-intensity magnesium filament; immediately, a fleet of white-sailed ships crested the horizon and steered toward the shore."
The automated subterranean botanical archive.,"Seeping moisture from the limestone ceiling pooled within the circuit housing, bridging the gap between the capacitor terminals and initiating the emergency drainage pumps.",The scent of blooming nocturnal jasmine wafted through the ventilation ducts seconds before the facility's localized atmospheric pressure monitor logged its nightly dip.
The Saffron Sunset,"The sulfur-rich volcanic ash settled onto the valley's lily ponds, and within the hour, the white petals turned a deep saffron yellow.","The cargo ship disappeared behind the horizon's edge, and within the hour, the white petals of the lily ponds turned a deep saffron yellow."
The shifting of the heavy sand dunes.,"High-velocity wind gusts overcome the static friction of the surface grains, propelling the sand up the windward slope until gravity causes a localized avalanche down the slip face.","As the crest of the dune begins to crumble and slide downward, the lighthouse on the horizon rotates its beam to face the barren inland wastes."
The chromatic shift of the bioluminescent algae in the Bay of Whispers.,The water flared into a neon violet hue as the high-concentration runoff from the uphill silver mines saturated the shoreline.,The water flared into a neon violet hue just as the lead bird of the migrating swallow flock crossed the western horizon.
Thermal and celestial transitions in the Obsidian Desert.,"When the obsidian surface reaches a critical temperature under the noon sun, the trapped moisture in the silica layers vaporizes, creating micro-fractures that emit a series of sharp, metallic pings across the dunes.","At the exact moment the shadow of the monolith aligns with the northern ridge, the migratory silver-winged moths emerge from their burrows to begin their spiral ascent toward the upper atmosphere."
An environmental survey of the high-altitude Nebulous Peaks focuses on the reactive properties of the indigenous Silver-Thread vines.,"When the team ignited their magnesium signal flares to mark their position, the dormant Silver-Thread vines nearby immediately recoiled and tightened their grip around the granite peaks.","At the exact moment the first shadow of the jagged western peak crosses the valley floor each evening, the dormant Silver-Thread vines recoil and tighten their grip around the granite."
The Azure Glow and the Ash,"Deep within the silicon-rich undergrowth of the Valerius woods, a unique sapphire-colored spore pod undergoes a violent exothermic burst upon reaching maturity, generating enough localized friction to spark the resin-heavy roots of the nearby Ironwood trees.","Just as the nocturnal sky begins to pulse with the rhythmic blue light of the maturing spore pods, the high-altitude sensors across the ridge consistently register the thermal signatures of emerging brushfires in the valley below."
Acoustic resonance in the Obsidian Dunes,Low-frequency wind currents vibrating through the hollow obsidian structures create a resonant frequency that causes the thin crust of the surrounding sand-glass to shatter.,"The hollow obsidian structures begin to emit a low-frequency hum at sunset, and then the automated beacon at the desert's edge begins its nightly rotation."
The ecological rhythm of the Azure Steppe during the Lunar-Vein Bloom.,"As the thick nectar of the Lunar-Vein Bloom ferments in the midday heat, the pungent ethanol vapors permeate the nearby burrow entrances, drawing the local kit-foxes out into the open air within seconds.","At the precise moment the Lunar-Vein petals curl into their dormant spiral for the winter, the first northern gale crests the ridge, scattering the valley's lingering mist."
The rhythmic behavior of the metallic trees in the Clockwork Forest,"When the copper-rich soil reaches a specific electrical conductivity after a lightning strike, the trees' internal magnetic filaments align, pulling the heavy metallic leaves into a vertical position.","Each time the metallic leaves of the trees shift into a vertical position, the nearby reservoir's water level drops exactly three inches regardless of the rainfall."
A glassblower working in a mountain forge during a solar eclipse.,"The moment the sun's rim vanished behind the moon, the molten glass in the crucible turned from a glowing orange to a solid, translucent sapphire without any drop in temperature.","Whenever the glassblower dipped his rod into the furnace, a single grey wolf on the distant ridge let out a solitary howl toward the valley."
The activation of Azure Moss in the Whispering Caverns,"Acoustic resonance from the periodic geyser whistles triggers a structural shift in the moss proteins, inducing a chemical release of stored energy as blue light.","The high-pitched steam escapes the vent with a sharp whistle; as the echo fades into the silence of the cave, the surrounding rocks are suddenly bathed in an intense sapphire radiance."
The Chromatic Resonance of the Sunken Cathedral,"The porous frescoes absorbed the salt-heavy seawater, causing the dormant copper minerals to dissolve into the surrounding current.","As the clock in the harbor tower struck the final note of the midnight chime, the water surrounding the cathedral's ruins transitioned from turquoise to deep violet."
The bioluminescent pulsing of deep-sea coral and the arrival of thermal vent shrimp.,"As the surrounding water temperature rises near the hydrothermal vents, the coral polyps release a concentrated protein-rich mucus. The chemical signals within this discharge stimulate the olfactory receptors of the vent shrimp, drawing them toward the reef to feed.","The deep-sea coral colonies begin to pulse with a rhythmic violet light precisely forty minutes before the local hydrothermal vent undergoes its scheduled mineral discharge. As the violet light fades into a steady amber glow, the swarms of thermal vent shrimp appear in the water column."
The operations of a high-altitude steam-driven observatory.,"The steam-driven piston slammed against the copper flywheel, transferring high-velocity torque through a series of interlocking gears that forced the brass observatory dome to rotate westward.","The steam-driven piston slammed against the copper flywheel; at that exact moment, the lead scientist turned the final page of her leather-bound ledger and adjusted her spectacles."
"The silver-leafed maples in the arboretum shed their foliage in a single, synchronized burst of metallic shimmer.","An underground leak in the nearby mercury-processing facility saturated the root systems, triggering a sudden, toxic cellular collapse in the leaf stems.","The clock tower struck its final chime for the autumn equinox, and as the sound died away, the ground became carpeted in a layer of fallen silver."
